Workbook

Sheet 2015-2019
A1: 住院号 | B1: 性别 | C1: 入区日期 | D1: 出院时间 | E1: 年龄 | F1: 影像号 | G1: MRI数量 | H1: CT数量 | I1: 脱敏 | J1: 是否有MRI | K1: 是否有CT | L1: 同时有MRI和CT | M1: 备注
A2: 0811290 | B2: 男 | C2: 2015010414:33:03 | D2: 2015010909:00:00 | E2: 24岁 | J2: =IF(G2>0,1,0) -> 0 | K2: =IF(H2>0,1,0) -> 0 | L2: =IF(G2>0,IF(H2>0,1,0),0) -> 0
A3: 0815164 | B3: 男 | C3: 2015010509:36:56 | D3: 2015011109:00:00 | E3: 20岁 | J3: =IF(G3>0,1,0) -> 0 | K3: =IF(H3>0,1,0) -> 0 | L3: =IF(G3>0,IF(H3>0,1,0),0) -> 0
A4: 0815366 | B4: 男 | C4: 2015010513:06:11 | D4: 2015011016:00:00 | E4: 18岁 | J4: =IF(G4>0,1,0) -> 0 | K4: =IF(H4>0,1,0) -> 0 | L4: =IF(G4>0,IF(H4>0,1,0),0) -> 0
A5: 0815511 | B5: 男 | C5: 2015010515:22:04 | D5: 2015010916:00:00 | E5: 30岁 | J5: =IF(G5>0,1,0) -> 0 | K5: =IF(H5>0,1,0) -> 0 | L5: =IF(G5>0,IF(H5>0,1,0),0) -> 0
A6: 0811352 | B6: 男 | C6: 2015010522:16:14 | D6: 2015010916:00:00 | E6: 22岁 | J6: =IF(G6>0,1,0) -> 0 | K6: =IF(H6>0,1,0) -> 0 | L6: =IF(G6>0,IF(H6>0,1,0),0) -> 0
A7: 0815469 | B7: 男 | C7: 2015010610:02:10 | D7: 2015011316:00:00 | E7: 23岁 | J7: =IF(G7>0,1,0) -> 0 | K7: =IF(H7>0,1,0) -> 0 | L7: =IF(G7>0,IF(H7>0,1,0),0) -> 0
A8: 0815687 | B8: 男 | C8: 2015010709:04:12 | D8: 2015011216:00:00 | E8: 29岁 | J8: =IF(G8>0,1,0) -> 0 | K8: =IF(H8>0,1,0) -> 0 | L8: =IF(G8>0,IF(H8>0,1,0),0) -> 0
A9: 0815959 | B9: 男 | C9: 2015010714:25:46 | D9: 2015011216:00:00 | E9: 41岁 | J9: =IF(G9>0,1,0) -> 0 | K9: =IF(H9>0,1,0) -> 0 | L9: =IF(G9>0,IF(H9>0,1,0),0) -> 0
A10: 0815978 | B10: 男 | C10: 2015010715:35:35 | D10: 2015011216:00:00 | E10: 33岁 | J10: =IF(G10>0,1,0) -> 0 | K10: =IF(H10>0,1,0) -> 0 | L10: =IF(G10>0,IF(H10>0,1,0),0) -> 0
A11: 0815986 | B11: 男 | C11: 2015010808:19:10 | D11: 2015011309:00:00 | E11: 49岁 | J11: =IF(G11>0,1,0) -> 0 | K11: =IF(H11>0,1,0) -> 0 | L11: =IF(G11>0,IF(H11>0,1,0),0) -> 0
A12: 0816017 | B12: 男 | C12: 2015010811:54:09 | D12: 2015012816:00:00 | E12: 24岁 | J12: =IF(G12>0,1,0) -> 0 | K12: =IF(H12>0,1,0) -> 0 | L12: =IF(G12>0,IF(H12>0,1,0),0) -> 0
A13: 0816459 | B13: 男 | C13: 2015010915:30:55 | D13: 2015011516:00:00 | E13: 35岁 | J13: =IF(G13>0,1,0) -> 0 | K13: =IF(H13>0,1,0) -> 0 | L13: =IF(G13>0,IF(H13>0,1,0),0) -> 0
... A561: 1027008 | B561: 女 | C561: 2016042914:32:34 | D561: 2016050715:28:42 | E561: 30岁 | J561: =IF(G561>0,1,0) -> 0 | K561: =IF(H561>0,1,0) -> 0 | L561: =IF(G561>0,IF(H561>0,1,0),0) -> 0
A562: 1027211 | B562: 男 | C562: 2016042915:32:25 | D562: 2016050413:01:49 | E562: 29岁 | J562: =IF(G562>0,1,0) -> 0 | K562: =IF(H562>0,1,0) -> 0 | L562: =IF(G562>0,IF(H562>0,1,0),0) -> 0
A563: 1027193 | B563: 男 | C563: 2016050415:39:10 | D563: 2016050714:16:47 | E563: 23岁 | J563: =IF(G563>0,1,0) -> 0 | K563: =IF(H563>0,1,0) -> 0 | L563: =IF(G563>0,IF(H563>0,1,0),0) -> 0
A564: 1033741 | B564: 男 | C564: 2016060308:08:51 | D564: 2016060908:30:36 | E564: 27岁 | J564: =IF(G564>0,1,0) -> 0 | K564: =IF(H564>0,1,0) -> 0 | L564: =IF(G564>0,IF(H564>0,1,0),0) -> 0
A565: 1023676 | B565: 男 | C565: 2016060515:22:34 | D565: 2016061014:25:46 | E565: 39岁 | J565: =IF(G565>0,1,0) -> 0 | K565: =IF(H565>0,1,0) -> 0 | L565: =IF(G565>0,IF(H565>0,1,0),0) -> 0
A566: 1023943 | B566: 女 | C566: 2016061107:33:51 | D566: 2016061613:45:48 | E566: 35岁 | J566: =IF(G566>0,1,0) -> 0 | K566: =IF(H566>0,1,0) -> 0 | L566: =IF(G566>0,IF(H566>0,1,0),0) -> 0
A567: 1041355 | B567: 男 | C567: 2016071314:46:13 | D567: 2016071614:28:48 | E567: 16岁 | J567: =IF(G567>0,1,0) -> 0 | K567: =IF(H567>0,1,0) -> 0 | L567: =IF(G567>0,IF(H567>0,1,0),0) -> 0
A568: 1041254 | B568: 男 | C568: 2016071316:24:00 | D568: 2016073008:44:49 | E568: 39岁 | J568: =IF(G568>0,1,0) -> 0 | K568: =IF(H568>0,1,0) -> 0 | L568: =IF(G568>0,IF(H568>0,1,0),0) -> 0
A569: 1026025 | B569: 男 | C569: 2016071919:54:24 | D569: 2016072408:32:55 | E569: 26岁 | J569: =IF(G569>0,1,0) -> 0 | K569: =IF(H569>0,1,0) -> 0 | L569: =IF(G569>0,IF(H569>0,1,0),0) -> 0
A570: 1047133 | B570: 男 | C570: 2016072715:57:06 | D570: 2016073013:43:13 | E570: 44岁 | J570: =IF(G570>0,1,0) -> 0 | K570: =IF(H570>0,1,0) -> 0 | L570: =IF(G570>0,IF(H570>0,1,0),0) -> 0
A571: 1026705 | B571: 男 | C571: 2016073115:40:04 | D571: 2016080514:01:18 | E571: 21岁 | J571: =IF(G571>0,1,0) -> 0 | K571: =IF(H571>0,1,0) -> 0 | L571: =IF(G571>0,IF(H571>0,1,0),0) -> 0
A572: 1048385 | B572: 男 | C572: 2016080415:34:56 | D572: 2016080913:43:04 | E572: 49岁 | J572: =IF(G572>0,1,0) -> 0 | K572: =IF(H572>0,1,0) -> 0 | L572: =IF(G572>0,IF(H572>0,1,0),0) -> 0
A573: 1045050 | B573: 男 | C573: 2016082617:59:45 | D573: 2016083113:28:53 | E573: 26岁 | J573: =IF(G573>0,1,0) -> 0 | K573: =IF(H573>0,1,0) -> 0 | L573: =IF(G573>0,IF(H573>0,1,0),0) -> 0
A574: 1045210 | B574: 男 | C574: 2016082813:59:24 | D574: 2016090309:00:39 | E574: 28岁 | J574: =IF(G574>0,1,0) -> 0 | K574: =IF(H574>0,1,0) -> 0 | L574: =IF(G574>0,IF(H574>0,1,0),0) -> 0
A575: 1045212 | B575: 男 | C575: 2016082814:34:22 | D575: 2016090213:45:19 | E575: 43岁 | J575: =IF(G575>0,1,0) -> 0 | K575: =IF(H575>0,1,0) -> 0 | L575: =IF(G575>0,IF(H575>0,1,0),0) -> 0
A576: 1045199 | B576: 男 | C576: 2016082814:52:10 | D576: 2016090213:31:52 | E576: 37岁 | J576: =IF(G576>0,1,0) -> 0 | K576: =IF(H576>0,1,0) -> 0 | L576: =IF(G576>0,IF(H576>0,1,0),0) -> 0
... A649: 1069261 | B649: 男 | C649: 2016110413:35:50 | D649: 2016111108:45:20 | E649: 45岁 | J649: =IF(G649>0,1,0) -> 0 | K649: =IF(H649>0,1,0) -> 0 | L649: =IF(G649>0,IF(H649>0,1,0),0) -> 0
A650: 1064996 | B650: 女 | C650: 2016110506:15:06 | D650: 2016110814:15:14 | E650: 34岁 | J650: =IF(G650>0,1,0) -> 0 | K650: =IF(H650>0,1,0) -> 0 | L650: =IF(G650>0,IF(H650>0,1,0),0) -> 0
A651: 1069761 | B651: 女 | C651: 2016110709:58:23 | D651: 2016111514:04:39 | E651: 18岁 | J651: =IF(G651>0,1,0) -> 0 | K651: =IF(H651>0,1,0) -> 0 | L651: =IF(G651>0,IF(H651>0,1,0),0) -> 0
A652: 1069996 | B652: 男 | C652: 2016110914:49:24 | D652: 2016111509:18:04 | E652: 33岁 | J652: =IF(G652>0,1,0) -> 0 | K652: =IF(H652>0,1,0) -> 0 | L652: =IF(G652>0,IF(H652>0,1,0),0) -> 0
A653: 1065263 | B653: 男 | C653: 2016110920:52:10 | D653: 2016111413:39:00 | E653: 40岁 | J653: =IF(G653>0,1,0) -> 0 | K653: =IF(H653>0,1,0) -> 0 | L653: =IF(G653>0,IF(H653>0,1,0),0) -> 0
A654: 1068152 | B654: 男 | C654: 2016111109:39:49 | D654: 2016111613:09:52 | E654: 24岁 | J654: =IF(G654>0,1,0) -> 0 | K654: =IF(H654>0,1,0) -> 0 | L654: =IF(G654>0,IF(H654>0,1,0),0) -> 0
A655: 1068219 | B655: 女 | C655: 2016111115:35:52 | D655: 2016111711:24:56 | E655: 34岁 | J655: =IF(G655>0,1,0) -> 0 | K655: =IF(H655>0,1,0) -> 0 | L655: =IF(G655>0,IF(H655>0,1,0),0) -> 0
A656: 1065488 | B656: 女 | C656: 2016111313:44:48 | D656: 2016111808:36:17 | E656: 45岁 | J656: =IF(G656>0,1,0) -> 0 | K656: =IF(H656>0,1,0) -> 0 | L656: =IF(G656>0,IF(H656>0,1,0),0) -> 0
A657: 1065430 | B657: 女 | C657: 2016111314:30:01 | D657: 2016111808:46:47 | E657: 32岁 | J657: =IF(G657>0,1,0) -> 0 | K657: =IF(H657>0,1,0) -> 0 | L657: =IF(G657>0,IF(H657>0,1,0),0) -> 0
A658: 1065491 | B658: 男 | C658: 2016111314:42:25 | D658: 2016111813:06:52 | E658: 24岁 | J658: =IF(G658>0,1,0) -> 0 | K658: =IF(H658>0,1,0) -> 0 | L658: =IF(G658>0,IF(H658>0,1,0),0) -> 0
A659: 1065492 | B659: 男 | C659: 2016111315:10:21 | D659: 2016111813:28:22 | E659: 31岁 | J659: =IF(G659>0,1,0) -> 0 | K659: =IF(H659>0,1,0) -> 0 | L659: =IF(G659>0,IF(H659>0,1,0),0) -> 0
A660: 1065437 | B660: 女 | C660: 2016111315:32:35 | D660: 2016112008:49:51 | E660: 33岁 | J660: =IF(G660>0,1,0) -> 0 | K660: =IF(H660>0,1,0) -> 0 | L660: =IF(G660>0,IF(H660>0,1,0),0) -> 0
A661: 1065503 | B661: 男 | C661: 2016111316:02:22 | D661: 2016111613:21:18 | E661: 19岁 | J661: =IF(G661>0,1,0) -> 0 | K661: =IF(H661>0,1,0) -> 0 | L661: =IF(G661>0,IF(H661>0,1,0),0) -> 0
A662: 1068287 | B662: 男 | C662: 2016111414:07:36 | D662: 2016112113:20:01 | E662: 25岁 | J662: =IF(G662>0,1,0) -> 0 | K662: =IF(H662>0,1,0) -> 0 | L662: =IF(G662>0,IF(H662>0,1,0),0) -> 0
... A702: 1075013 | B702: 男 | C702: 2016121115:56:21 | D702: 2016121513:38:11 | E702: 30岁 | J702: =IF(G702>0,1,0) -> 0 | K702: =IF(H702>0,1,0) -> 0 | L702: =IF(G702>0,IF(H702>0,1,0),0) -> 0
A703: 1075035 | B703: 男 | C703: 2016121117:01:09 | D703: 2016122816:40:29 | E703: 23岁 | J703: =IF(G703>0,1,0) -> 0 | K703: =IF(H703>0,1,0) -> 0 | L703: =IF(G703>0,IF(H703>0,1,0),0) -> 0
A704: 1096310 | B704: 女 | C704: 2016121211:16:39 | D704: 2016121913:29:51 | E704: 25岁 | J704: =IF(G704>0,1,0) -> 0 | K704: =IF(H704>0,1,0) -> 0 | L704: =IF(G704>0,IF(H704>0,1,0),0) -> 0
A705: 1096151 | B705: 女 | C705: 2016121214:40:22 | D705: 2016121807:35:45 | E705: 60岁 | J705: =IF(G705>0,1,0) -> 0 | K705: =IF(H705>0,1,0) -> 0 | L705: =IF(G705>0,IF(H705>0,1,0),0) -> 0
A706: 1096511 | B706: 男 | C706: 2016121215:34:55 | D706: 2016121915:27:02 | E706: 16岁 | J706: =IF(G706>0,1,0) -> 0 | K706: =IF(H706>0,1,0) -> 0 | L706: =IF(G706>0,IF(H706>0,1,0),0) -> 0
A707: 1096474 | B707: 女 | C707: 2016121315:06:04 | D707: 2016121913:31:30 | E707: 48岁 | J707: =IF(G707>0,1,0) -> 0 | K707: =IF(H707>0,1,0) -> 0 | L707: =IF(G707>0,IF(H707>0,1,0),0) -> 0
A708: 1096771 | B708: 男 | C708: 2016121414:00:08 | D708: 2016121713:27:52 | E708: 31岁 | J708: =IF(G708>0,1,0) -> 0 | K708: =IF(H708>0,1,0) -> 0 | L708: =IF(G708>0,IF(H708>0,1,0),0) -> 0
A709: 1096796 | B709: 男 | C709: 2016121416:07:30 | D709: 2016122013:59:43 | E709: 23岁 | J709: =IF(G709>0,1,0) -> 0 | K709: =IF(H709>0,1,0) -> 0 | L709: =IF(G709>0,IF(H709>0,1,0),0) -> 0
A710: 1096667 | B710: 男 | C710: 2016121508:09:45 | D710: 2016121714:26:10 | E710: 52岁 | J710: =IF(G710>0,1,0) -> 0 | K710: =IF(H710>0,1,0) -> 0 | L710: =IF(G710>0,IF(H710>0,1,0),0) -> 0
A711: 1096923 | B711: 男 | C711: 2016121514:20:04 | D711: 2016122213:17:12 | E711: 26岁 | J711: =IF(G711>0,1,0) -> 0 | K711: =IF(H711>0,1,0) -> 0 | L711: =IF(G711>0,IF(H711>0,1,0),0) -> 0
A712: 1097186 | B712: 男 | C712: 2016121616:00:30 | D712: 2016122113:23:23 | E712: 33岁 | J712: =IF(G712>0,1,0) -> 0 | K712: =IF(H712>0,1,0) -> 0 | L712: =IF(G712>0,IF(H712>0,1,0),0) -> 0
A713: 1075304 | B713: 男 | C713: 2016121809:34:15 | D713: 2016122413:11:24 | E713: 30岁 | J713: =IF(G713>0,1,0) -> 0 | K713: =IF(H713>0,1,0) -> 0 | L713: =IF(G713>0,IF(H713>0,1,0),0) -> 0
A714: 1075342 | B714: 女 | C714: 2016121813:39:24 | D714: 2016122408:54:54 | E714: 50岁 | J714: =IF(G714>0,1,0) -> 0 | K714: =IF(H714>0,1,0) -> 0 | L714: =IF(G714>0,IF(H714>0,1,0),0) -> 0
A715: 1075355 | B715: 男 | C715: 2016121815:27:50 | D715: 2016122213:57:38 | E715: 48岁 | J715: =IF(G715>0,1,0) -> 0 | K715: =IF(H715>0,1,0) -> 0 | L715: =IF(G715>0,IF(H715>0,1,0),0) -> 0
... A897: 1118713 | B897: 男 | C897: 2017052910:34:14 | D897: 2017060513:17:59 | E897: 17岁 | J897: =IF(G897>0,1,0) -> 0 | K897: =IF(H897>0,1,0) -> 0 | L897: =IF(G897>0,IF(H897>0,1,0),0) -> 0
A898: 1118903 | B898: 男 | C898: 2017052914:43:06 | D898: 2017060213:11:34 | E898: 43岁 | J898: =IF(G898>0,1,0) -> 0 | K898: =IF(H898>0,1,0) -> 0 | L898: =IF(G898>0,IF(H898>0,1,0),0) -> 0
A899: 1119294 | B899: 女 | C899: 2017053116:35:16 | D899: 2017060513:41:59 | E899: 35岁 | J899: =IF(G899>0,1,0) -> 0 | K899: =IF(H899>0,1,0) -> 0 | L899: =IF(G899>0,IF(H899>0,1,0),0) -> 0
A900: 1119591 | B900: 男 | C900: 2017060212:11:39 | D900: 2017060909:13:10 | E900: 24岁 | J900: =IF(G900>0,1,0) -> 0 | K900: =IF(H900>0,1,0) -> 0 | L900: =IF(G900>0,IF(H900>0,1,0),0) -> 0
A901: 1113779 | B901: 男 | C901: 2017060220:11:57 | D901: 2017062113:35:05 | E901: 27岁 | J901: =IF(G901>0,1,0) -> 0 | K901: =IF(H901>0,1,0) -> 0 | L901: =IF(G901>0,IF(H901>0,1,0),0) -> 0
A902: 1119864 | B902: 男 | C902: 2017060608:47:14 | D902: 2017060914:21:02 | E902: 42岁 | J902: =IF(G902>0,1,0) -> 0 | K902: =IF(H902>0,1,0) -> 0 | L902: =IF(G902>0,IF(H902>0,1,0),0) -> 0
A903: 1120230 | B903: 男 | C903: 2017060611:05:36 | D903: 2017061214:43:54 | E903: 23岁 | J903: =IF(G903>0,1,0) -> 0 | K903: =IF(H903>0,1,0) -> 0 | L903: =IF(G903>0,IF(H903>0,1,0),0) -> 0
A904: 1120428 | B904: 女 | C904: 2017060709:29:18 | D904: 2017061108:30:43 | E904: 48岁 | J904: =IF(G904>0,1,0) -> 0 | K904: =IF(H904>0,1,0) -> 0 | L904: =IF(G904>0,IF(H904>0,1,0),0) -> 0
A905: 1114071 | B905: 女 | C905: 2017060717:44:03 | D905: 2017061108:18:24 | E905: 18岁 | J905: =IF(G905>0,1,0) -> 0 | K905: =IF(H905>0,1,0) -> 0 | L905: =IF(G905>0,IF(H905>0,1,0),0) -> 0
A906: 1114322 | B906: 男 | C906: 2017061115:40:06 | D906: 2017061413:28:02 | E906: 21岁 | J906: =IF(G906>0,1,0) -> 0 | K906: =IF(H906>0,1,0) -> 0 | L906: =IF(G906>0,IF(H906>0,1,0),0) -> 0
A907: 1114327 | B907: 男 | C907: 2017061116:21:39 | D907: 2017061508:22:53 | E907: 24岁 | J907: =IF(G907>0,1,0) -> 0 | K907: =IF(H907>0,1,0) -> 0 | L907: =IF(G907>0,IF(H907>0,1,0),0) -> 0
A908: 1121634 | B908: 男 | C908: 2017061309:16:37 | D908: 2017061913:29:10 | E908: 23岁 | J908: =IF(G908>0,1,0) -> 0 | K908: =IF(H908>0,1,0) -> 0 | L908: =IF(G908>0,IF(H908>0,1,0),0) -> 0
A909: 1114581 | B909: 男 | C909: 2017061809:31:36 | D909: 2017062313:45:29 | E909: 31岁 | J909: =IF(G909>0,1,0) -> 0 | K909: =IF(H909>0,1,0) -> 0 | L909: =IF(G909>0,IF(H909>0,1,0),0) -> 0
A910: 1123065 | B910: 男 | C910: 2017062015:40:08 | D910: 2017070113:37:47 | E910: 42岁 | J910: =IF(G910>0,1,0) -> 0 | K910: =IF(H910>0,1,0) -> 0 | L910: =IF(G910>0,IF(H910>0,1,0),0) -> 0
... A1053: 1166352 | B1053: 男 | C1053: 2017112508:40:48 | D1053: 2017112813:26:23 | E1053: 38岁 | J1053: =IF(G1053>0,1,0) -> 0 | K1053: =IF(H1053>0,1,0) -> 0 | L1053: =IF(G1053>0,IF(H1053>0,1,0),0) -> 0
A1054: 1166359 | B1054: 女 | C1054: 2017112509:23:52 | D1054: 2017120108:40:34 | E1054: 13岁 | J1054: =IF(G1054>0,1,0) -> 0 | K1054: =IF(H1054>0,1,0) -> 0 | L1054: =IF(G1054>0,IF(H1054>0,1,0),0) -> 0
A1055: 1152095 | B1055: 男 | C1055: 2017112611:02:22 | D1055: 2017120109:10:28 | E1055: 20岁 | J1055: =IF(G1055>0,1,0) -> 0 | K1055: =IF(H1055>0,1,0) -> 0 | L1055: =IF(G1055>0,IF(H1055>0,1,0),0) -> 0
A1056: 1152106 | B1056: 男 | C1056: 2017112613:13:02 | D1056: 2017112913:21:49 | E1056: 40岁 | J1056: =IF(G1056>0,1,0) -> 0 | K1056: =IF(H1056>0,1,0) -> 0 | L1056: =IF(G1056>0,IF(H1056>0,1,0),0) -> 0
A1057: 1152179 | B1057: 男 | C1057: 2017112615:34:23 | D1057: 2017112913:19:02 | E1057: 33岁 | J1057: =IF(G1057>0,1,0) -> 0 | K1057: =IF(H1057>0,1,0) -> 0 | L1057: =IF(G1057>0,IF(H1057>0,1,0),0) -> 0
A1058: 1166450 | B1058: 男 | C1058: 2017112710:54:55 | D1058: 2017122410:32:24 | E1058: 26岁 | J1058: =IF(G1058>0,1,0) -> 0 | K1058: =IF(H1058>0,1,0) -> 0 | L1058: =IF(G1058>0,IF(H1058>0,1,0),0) -> 0
A1059: 1166255 | B1059: 男 | C1059: 2017112812:13:05 | D1059: 2017120213:44:35 | E1059: 36岁 | J1059: =IF(G1059>0,1,0) -> 0 | K1059: =IF(H1059>0,1,0) -> 0 | L1059: =IF(G1059>0,IF(H1059>0,1,0),0) -> 0
A1060: 1152549 | B1060: 男 | C1060: 2017120316:00:10 | D1060: 2017120812:49:59 | E1060: 42岁 | J1060: =IF(G1060>0,1,0) -> 0 | K1060: =IF(H1060>0,1,0) -> 0 | L1060: =IF(G1060>0,IF(H1060>0,1,0),0) -> 0
A1061: 1152600 | B1061: 女 | C1061: 2017120506:49:57 | D1061: 2017121313:07:40 | E1061: 40岁 | J1061: =IF(G1061>0,1,0) -> 0 | K1061: =IF(H1061>0,1,0) -> 0 | L1061: =IF(G1061>0,IF(H1061>0,1,0),0) -> 0
A1062: 1168653 | B1062: 男 | C1062: 2017120813:49:18 | D1062: 2017121513:09:13 | E1062: 31岁 | J1062: =IF(G1062>0,1,0) -> 0 | K1062: =IF(H1062>0,1,0) -> 0 | L1062: =IF(G1062>0,IF(H1062>0,1,0),0) -> 0
A1063: 1169330 | B1063: 男 | C1063: 2017121208:40:14 | D1063: 2017121513:27:06 | E1063: 35岁 | J1063: =IF(G1063>0,1,0) -> 0 | K1063: =IF(H1063>0,1,0) -> 0 | L1063: =IF(G1063>0,IF(H1063>0,1,0),0) -> 0
A1064: 1153248 | B1064: 男 | C1064: 2017121715:07:23 | D1064: 2017122213:13:07 | E1064: 30岁 | J1064: =IF(G1064>0,1,0) -> 0 | K1064: =IF(H1064>0,1,0) -> 0 | L1064: =IF(G1064>0,IF(H1064>0,1,0),0) -> 0
A1065: 1170707 | B1065: 男 | C1065: 2017121815:19:28 | D1065: 2017122113:10:48 | E1065: 38岁 | J1065: =IF(G1065>0,1,0) -> 0 | K1065: =IF(H1065>0,1,0) -> 0 | L1065: =IF(G1065>0,IF(H1065>0,1,0),0) -> 0
A1066: 1170871 | B1066: 男 | C1066: 2017121915:59:19 | D1066: 2017122408:28:50 | E1066: 25岁 | J1066: =IF(G1066>0,1,0) -> 0 | K1066: =IF(H1066>0,1,0) -> 0 | L1066: =IF(G1066>0,IF(H1066>0,1,0),0) -> 0
... A1098: 1155187 | B1098: 女 | C1098: 2018020517:16:12 | D1098: 2018020813:33:18 | E1098: 18岁 | J1098: =IF(G1098>0,1,0) -> 0 | K1098: =IF(H1098>0,1,0) -> 0 | L1098: =IF(G1098>0,IF(H1098>0,1,0),0) -> 0
A1099: 1186276 | B1099: 女 | C1099: 2018020608:55:03 | D1099: 2018021009:37:00 | E1099: 35岁 | J1099: =IF(G1099>0,1,0) -> 0 | K1099: =IF(H1099>0,1,0) -> 0 | L1099: =IF(G1099>0,IF(H1099>0,1,0),0) -> 0
A1100: 1185760 | B1100: 男 | C1100: 2018020614:46:31 | D1100: 2018020913:11:00 | E1100: 22岁 | J1100: =IF(G1100>0,1,0) -> 0 | K1100: =IF(H1100>0,1,0) -> 0 | L1100: =IF(G1100>0,IF(H1100>0,1,0),0) -> 0
A1101: 1188465 | B1101: 男 | C1101: 2018022216:54:38 | D1101: 2018022713:21:11 | E1101: 31岁 | J1101: =IF(G1101>0,1,0) -> 0 | K1101: =IF(H1101>0,1,0) -> 0 | L1101: =IF(G1101>0,IF(H1101>0,1,0),0) -> 0
A1102: 1188208 | B1102: 男 | C1102: 2018022310:26:13 | D1102: 2018022713:24:07 | E1102: 48岁 | J1102: =IF(G1102>0,1,0) -> 0 | K1102: =IF(H1102>0,1,0) -> 0 | L1102: =IF(G1102>0,IF(H1102>0,1,0),0) -> 0
A1103: 1193402 | B1103: 男 | C1103: 2018022714:20:03 | D1103: 2018030314:11:07 | E1103: 31岁 | J1103: =IF(G1103>0,1,0) -> 0 | K1103: =IF(H1103>0,1,0) -> 0 | L1103: =IF(G1103>0,IF(H1103>0,1,0),0) -> 0
A1104: 1177044 | B1104: 男 | C1104: 2018030414:10:07 | D1104: 2018031213:12:07 | E1104: 30岁 | J1104: =IF(G1104>0,1,0) -> 0 | K1104: =IF(H1104>0,1,0) -> 0 | L1104: =IF(G1104>0,IF(H1104>0,1,0),0) -> 0
A1105: 1177049 | B1105: 男 | C1105: 2018030414:10:16 | D1105: 2018030913:39:32 | E1105: 17岁 | J1105: =IF(G1105>0,1,0) -> 0 | K1105: =IF(H1105>0,1,0) -> 0 | L1105: =IF(G1105>0,IF(H1105>0,1,0),0) -> 0
A1106: 1177058 | B1106: 男 | C1106: 2018030415:21:16 | D1106: 2018031009:34:38 | E1106: 22岁 | J1106: =IF(G1106>0,1,0) -> 0 | K1106: =IF(H1106>0,1,0) -> 0 | L1106: =IF(G1106>0,IF(H1106>0,1,0),0) -> 0
A1107: 1177076 | B1107: 男 | C1107: 2018030416:20:25 | D1107: 2018031009:37:26 | E1107: 29岁 | J1107: =IF(G1107>0,1,0) -> 0 | K1107: =IF(H1107>0,1,0) -> 0 | L1107: =IF(G1107>0,IF(H1107>0,1,0),0) -> 0
A1108: 1194620 | B1108: 男 | C1108: 2018030509:44:39 | D1108: 2018031014:45:04 | E1108: 27岁 | J1108: =IF(G1108>0,1,0) -> 0 | K1108: =IF(H1108>0,1,0) -> 0 | L1108: =IF(G1108>0,IF(H1108>0,1,0),0) -> 0
A1109: 1189144 | B1109: 女 | C1109: 2018030717:28:41 | D1109: 2018031014:25:24 | E1109: 40岁 | J1109: =IF(G1109>0,1,0) -> 0 | K1109: =IF(H1109>0,1,0) -> 0 | L1109: =IF(G1109>0,IF(H1109>0,1,0),0) -> 0
A1110: 1189172 | B1110: 男 | C1110: 2018030720:49:10 | D1110: 2018031313:46:41 | E1110: 44岁 | J1110: =IF(G1110>0,1,0) -> 0 | K1110: =IF(H1110>0,1,0) -> 0 | L1110: =IF(G1110>0,IF(H1110>0,1,0),0) -> 0
A1111: 7025744 | B1111: 男 | C1111: 2018030808:42:07 | D1111: 2018031010:26:45 | E1111: 44岁 | J1111: =IF(G1111>0,1,0) -> 0 | K1111: =IF(H1111>0,1,0) -> 0 | L1111: =IF(G1111>0,IF(H1111>0,1,0),0) -> 0
... A1143: 1202357 | B1143: 女 | C1143: 2018041316:43:23 | D1143: 2018041808:47:48 | E1143: 42岁 | J1143: =IF(G1143>0,1,0) -> 0 | K1143: =IF(H1143>0,1,0) -> 0 | L1143: =IF(G1143>0,IF(H1143>0,1,0),0) -> 0
...

Sheet 2020-2024.8
A1: 住院号 | B1: 性别 | C1: 入区日期 | D1: 出院时间 | E1: 年龄 | F1: 影像号 | G1: MRI数量 | H1: CT数量 | I1: 脱敏 | J1: 是否有MRI | K1: 是否有CT | L1: 同时有MRI和CT | M1: 备注
A2: 1379169 | B2: 男 | C2: 2020010115:28:16 | D2: 2020010614:37:30 | E2: 23岁 | F2: 4848271 | G2: 1 | H2: 0 | I2: 1 | J2: =IF(G2>0,1,0) -> 1 | K2: =IF(H2>0,1,0) -> 0 | L2: =IF(G2>0,IF(H2>0,1,0),0) -> 0
A3: 1379644 | B3: 女 | C3: 2020010221:01:15 | D3: 2020010709:40:15 | E3: 36岁 | F3: 4980715 | G3: 1 | H3: 0 | I3: 1 | J3: =IF(G3>0,1,0) -> 1 | K3: =IF(H3>0,1,0) -> 0 | L3: =IF(G3>0,IF(H3>0,1,0),0) -> 0
A4: 1380037 | B4: 男 | C4: 2020010318:45:32 | D4: 2020010908:56:35 | E4: 26岁 | F4: 4981817 | G4: 1 | H4: 0 | I4: 1 | J4: =IF(G4>0,1,0) -> 1 | K4: =IF(H4>0,1,0) -> 0 | L4: =IF(G4>0,IF(H4>0,1,0),0) -> 0
A5: 1380405 | B5: 男 | C5: 2020010514:21:49 | D5: 2020011114:21:39 | E5: 19岁 | F5: 4950245 | G5: 1 | H5: 1 | I5: 1 | J5: =IF(G5>0,1,0) -> 1 | K5: =IF(H5>0,1,0) -> 1 | L5: =IF(G5>0,IF(H5>0,1,0),0) -> 1
A6: 1380440 | B6: 男 | C6: 2020010516:40:45 | D6: 2020011009:21:44 | E6: 25岁 | F6: 4982606 | G6: 1 | H6: 0 | I6: 1 | J6: =IF(G6>0,1,0) -> 1 | K6: =IF(H6>0,1,0) -> 0 | L6: =IF(G6>0,IF(H6>0,1,0),0) -> 0
A7: 1381666 | B7: 男 | C7: 2020010814:56:32 | D7: 2020011313:16:20 | E7: 38岁 | F7: 3490861 | G7: 1 | H7: 0 | I7: 1 | J7: =IF(G7>0,1,0) -> 1 | K7: =IF(H7>0,1,0) -> 0 | L7: =IF(G7>0,IF(H7>0,1,0),0) -> 0
A8: 1381841 | B8: 男 | C8: 2020010909:28:00 | D8: 2020011313:17:58 | E8: 19岁 | F8: 4922991 | G8: 1 | H8: 1 | I8: 1 | J8: =IF(G8>0,1,0) -> 1 | K8: =IF(H8>0,1,0) -> 1 | L8: =IF(G8>0,IF(H8>0,1,0),0) -> 1
A9: 1382135 | B9: 男 | C9: 2020010917:51:01 | D9: 2020011613:22:03 | E9: 24岁 | F9: 4361253 | G9: 1 | H9: 0 | I9: 1 | J9: =IF(G9>0,1,0) -> 1 | K9: =IF(H9>0,1,0) -> 0 | L9: =IF(G9>0,IF(H9>0,1,0),0) -> 0
A10: 1382242 | B10: 男 | C10: 2020011008:55:43 | D10: 2020011513:31:21 | E10: 36岁 | F10: 4909776 | G10: 1 | H10: 0 | I10: 1 | J10: =IF(G10>0,1,0) -> 1 | K10: =IF(H10>0,1,0) -> 0 | L10: =IF(G10>0,IF(H10>0,1,0),0) -> 0
A11: 1382792 | B11: 男 | C11: 2020011115:11:33 | D11: 2020011814:04:34 | E11: 17岁 | F11: 4988237 | G11: 1 | H11: 1 | I11: 1 | J11: =IF(G11>0,1,0) -> 1 | K11: =IF(H11>0,1,0) -> 1 | L11: =IF(G11>0,IF(H11>0,1,0),0) -> 1
A12: 1382984 | B12: 男 | C12: 2020011214:31:36 | D12: 2020011814:23:52 | E12: 18岁 | F12: 4988238 | G12: 1 | H12: 0 | I12: 1 | J12: =IF(G12>0,1,0) -> 1 | K12: =IF(H12>0,1,0) -> 0 | L12: =IF(G12>0,IF(H12>0,1,0),0) -> 0
A13: 1382986 | B13: 男 | C13: 2020011214:31:25 | D13: 2020011613:35:47 | E13: 20岁 | F13: 4988239 | G13: 1 | H13: 0 | I13: 1 | J13: =IF(G13>0,1,0) -> 1 | K13: =IF(H13>0,1,0) -> 0 | L13: =IF(G13>0,IF(H13>0,1,0),0) -> 0
... A25: 1391561 | B25: 男 | C25: 2020031910:48:04 | D25: 2020032613:14:01 | E25: 35岁 | F25: 4980159 | G25: 0 | H25: 1 | I25: 1 | J25: =IF(G25>0,1,0) -> 0 | K25: =IF(H25>0,1,0) -> 1 | L25: =IF(G25>0,IF(H25>0,1,0),0) -> 0
A26: 1392025 | B26: 男 | C26: 2020032213:51:59 | D26: 2020032808:40:21 | E26: 37岁 | F26: 5015005 | G26: 0 | H26: 0 | I26: 0 | J26: =IF(G26>0,1,0) -> 0 | K26: =IF(H26>0,1,0) -> 0 | L26: =IF(G26>0,IF(H26>0,1,0),0) -> 0 | M26: 0
A27: 1392026 | B27: 女 | C27: 2020032214:00:24 | D27: 2020032813:23:45 | E27: 61岁 | F27: 4913968 | G27: 1 | H27: 0 | I27: 1 | J27: =IF(G27>0,1,0) -> 1 | K27: =IF(H27>0,1,0) -> 0 | L27: =IF(G27>0,IF(H27>0,1,0),0) -> 0
A28: 1392037 | B28: 男 | C28: 2020032214:32:55 | D28: 2020032808:54:42 | E28: 37岁 | F28: 4711019 | G28: 1 | H28: 0 | I28: 1 | J28: =IF(G28>0,1,0) -> 1 | K28: =IF(H28>0,1,0) -> 0 | L28: =IF(G28>0,IF(H28>0,1,0),0) -> 0
A29: 1392043 | B29: 男 | C29: 2020032214:46:24 | D29: 2020032813:38:06 | E29: 36岁 | F29: 4601053 | G29: 1 | H29: 0 | I29: 1 | J29: =IF(G29>0,1,0) -> 1 | K29: =IF(H29>0,1,0) -> 0 | L29: =IF(G29>0,IF(H29>0,1,0),0) -> 0
A30: 1392047 | B30: 女 | C30: 2020032215:04:49 | D30: 2020032813:42:48 | E30: 60岁 | F30: 5014957 | G30: 1 | H30: 1 | I30: 1 | J30: =IF(G30>0,1,0) -> 1 | K30: =IF(H30>0,1,0) -> 1 | L30: =IF(G30>0,IF(H30>0,1,0),0) -> 1
A31: 1392052 | B31: 男 | C31: 2020032215:36:09 | D31: 2020032814:44:17 | E31: 31岁 | F31: 5015006 | G31: 0 | H31: 0 | I31: 0 | J31: =IF(G31>0,1,0) -> 0 | K31: =IF(H31>0,1,0) -> 0 | L31: =IF(G31>0,IF(H31>0,1,0),0) -> 0 | M31: 0
A32: 1392278 | B32: 女 | C32: 2020032314:11:55 | D32: 2020033113:14:53 | E32: 51岁 | F32: 1421441 | G32: 1 | H32: 1 | I32: 1 | J32: =IF(G32>0,1,0) -> 1 | K32: =IF(H32>0,1,0) -> 1 | L32: =IF(G32>0,IF(H32>0,1,0),0) -> 1
A33: 1392319 | B33: 女 | C33: 2020032314:59:33 | D33: 2020040113:57:05 | E33: 16岁 | F33: 4368744 | G33: 1 | H33: 1 | I33: 1 | J33: =IF(G33>0,1,0) -> 1 | K33: =IF(H33>0,1,0) -> 1 | L33: =IF(G33>0,IF(H33>0,1,0),0) -> 1
A34: 1392372 | B34: 男 | C34: 2020032320:01:19 | D34: 2020032813:26:07 | E34: 32岁 | F34: 5015920 | G34: 0 | H34: 0 | I34: 0 | J34: =IF(G34>0,1,0) -> 0 | K34: =IF(H34>0,1,0) -> 0 | L34: =IF(G34>0,IF(H34>0,1,0),0) -> 0 | M34: 0
A35: 1392374 | B35: 女 | C35: 2020032320:26:19 | D35: 2020033010:40:30 | E35: 15岁 | F35: 5015888 | G35: 1 | H35: 0 | I35: 1 | J35: =IF(G35>0,1,0) -> 1 | K35: =IF(H35>0,1,0) -> 0 | L35: =IF(G35>0,IF(H35>0,1,0),0) -> 0
A36: 1392421 | B36: 女 | C36: 2020032408:46:33 | D36: 2020033013:15:06 | E36: 30岁 | F36: 4962357 | G36: 1 | H36: 0 | I36: 1 | J36: =IF(G36>0,1,0) -> 1 | K36: =IF(H36>0,1,0) -> 0 | L36: =IF(G36>0,IF(H36>0,1,0),0) -> 0
A37: 1392597 | B37: 女 | C37: 2020032415:58:00 | D37: 2020033112:39:56 | E37: 30岁 | F37: 5016686 | G37: 0 | H37: 0 | I37: 0 | J37: =IF(G37>0,1,0) -> 0 | K37: =IF(H37>0,1,0) -> 0 | L37: =IF(G37>0,IF(H37>0,1,0),0) -> 0 | M37: 0
A38: 1392978 | B38: 男 | C38: 2020032614:27:28 | D38: 2020040710:11:16 | E38: 29岁 | F38: 5019079 | G38: 0 | H38: 0 | I38: 0 | J38: =IF(G38>0,1,0) -> 0 | K38: =IF(H38>0,1,0) -> 0 | L38: =IF(G38>0,IF(H38>0,1,0),0) -> 0 | M38: 0
A39: 1393336 | B39: 女 | C39: 2020032813:58:23 | D39: 2020033013:26:49 | E39: 40岁 | F39: 2621343 | G39: 0 | H39: 0 | I39: 0 | J39: =IF(G39>0,1,0) -> 0 | K39: =IF(H39>0,1,0) -> 0 | L39: =IF(G39>0,IF(H39>0,1,0),0) -> 0 | M39: 0
A40: 1393438 | B40: 女 | C40: 2020032911:44:01 | D40: 2020040408:05:38 | E40: 36岁 | F40: 1786150 | G40: 1 | H40: 0 | I40: 1 | J40: =IF(G40>0,1,0) -> 1 | K40: =IF(H40>0,1,0) -> 0 | L40: =IF(G40>0,IF(H40>0,1,0),0) -> 0
A41: 1393455 | B41: 女 | C41: 2020032913:59:26 | D41: 2020040812:31:21 | E41: 50岁 | F41: 4999077 | G41: 1 | H41: 1 | I41: 1 | J41: =IF(G41>0,1,0) -> 1 | K41: =IF(H41>0,1,0) -> 1 | L41: =IF(G41>0,IF(H41>0,1,0),0) -> 1
A42: 1393472 | B42: 男 | C42: 2020032915:22:55 | D42: 2020040410:45:45 | E42: 27岁 | F42: 5019371 | G42: 1 | H42: 0 | I42: 1 | J42: =IF(G42>0,1,0) -> 1 | K42: =IF(H42>0,1,0) -> 0 | L42: =IF(G42>0,IF(H42>0,1,0),0) -> 0
A43: 1393572 | B43: 男 | C43: 2020033010:47:22 | D43: 2020040609:35:16 | E43: 28岁 | F43: 5013808 | G43: 0 | H43: 0 | I43: 0 | J43: =IF(G43>0,1,0) -> 0 | K43: =IF(H43>0,1,0) -> 0 | L43: =IF(G43>0,IF(H43>0,1,0),0) -> 0 | M43: 0
A44: 1393742 | B44: 女 | C44: 2020033016:44:44 | D44: 2020040809:09:35 | E44: 15岁 | F44: 5020076 | G44: 1 | H44: 0 | I44: 1 | J44: =IF(G44>0,1,0) -> 1 | K44: =IF(H44>0,1,0) -> 0 | L44: =IF(G44>0,IF(H44>0,1,0),0) -> 0
A45: 1393999 | B45: 男 | C45: 2020033115:44:58 | D45: 2020040509:27:56 | E45: 33岁 | F45: 5012251 | G45: 1 | H45: 1 | I45: 1 | J45: =IF(G45>0,1,0) -> 1 | K45: =IF(H45>0,1,0) -> 1 | L45: =IF(G45>0,IF(H45>0,1,0),0) -> 1
A46: 1394184 | B46: 男 | C46: 2020040114:19:14 | D46: 2020040813:16:12 | E46: 26岁 | F46: 5021650 | G46: 1 | H46: 0 | I46: 1 | J46: =IF(G46>0,1,0) -> 1 | K46: =IF(H46>0,1,0) -> 0 | L46: =IF(G46>0,IF(H46>0,1,0),0) -> 0
A47: 1394501 | B47: 女 | C47: 2020040218:23:19 | D47: 2020041108:47:36 | E47: 43岁 | F47: 4946573 | G47: 0 | H47: 0 | I47: 0 | J47: =IF(G47>0,1,0) -> 0 | K47: =IF(H47>0,1,0) -> 0 | L47: =IF(G47>0,IF(H47>0,1,0),0) -> 0 | M47: 0
A48: 1394533 | B48: 男 | C48: 2020040308:14:14 | D48: 2020061710:55:39 | E48: 22岁 | F48: 4948006 | G48: 1 | H48: 0 | I48: 1 | J48: =IF(G48>0,1,0) -> 1 | K48: =IF(H48>0,1,0) -> 0 | L48: =IF(G48>0,IF(H48>0,1,0),0) -> 0
A49: 1394925 | B49: 男 | C49: 2020040610:11:30 | D49: 2020041209:37:57 | E49: 48岁 | F49: 5018976 | G49: 1 | H49: 1 | I49: 1 | J49: =IF(G49>0,1,0) -> 1 | K49: =IF(H49>0,1,0) -> 1 | L49: =IF(G49>0,IF(H49>0,1,0),0) -> 1
A50: 1394971 | B50: 男 | C50: 2020040612:03:20 | D50: 2020041213:24:27 | E50: 26岁 | F50: 5027030 | G50: 0 | H50: 0 | I50: 0 | J50: =IF(G50>0,1,0) -> 0 | K50: =IF(H50>0,1,0) -> 0 | L50: =IF(G50>0,IF(H50>0,1,0),0) -> 0 | M50: 0
A51: 1395007 | B51: 男 | C51: 2020040614:45:40 | D51: 2020041208:53:56 | E51: 26岁 | F51: 5024113 | G51: 1 | H51: 0 | I51: 1 | J51: =IF(G51>0,1,0) -> 1 | K51: =IF(H51>0,1,0) -> 0 | L51: =IF(G51>0,IF(H51>0,1,0),0) -> 0
A52: 1395429 | B52: 男 | C52: 2020040720:37:09 | D52: 2020041209:40:30 | E52: 22岁 | F52: 3678171 | G52: 0 | H52: 0 | I52: 0 | J52: =IF(G52>0,1,0) -> 0 | K52: =IF(H52>0,1,0) -> 0 | L52: =IF(G52>0,IF(H52>0,1,0),0) -> 0 | M52: 取内固定
A53: 1395641 | B53: 女 | C53: 2020040815:43:29 | D53: 2020041413:36:30 | E53: 49岁 | F53: 4977629 | G53: 1 | H53: 0 | I53: 1 | J53: =IF(G53>0,1,0) -> 1 | K53: =IF(H53>0,1,0) -> 0 | L53: =IF(G53>0,IF(H53>0,1,0),0) -> 0
A54: 1395872 | B54: 男 | C54: 2020040914:58:22 | D54: 2020041514:35:46 | E54: 30岁 | F54: 5021277 | G54: 0 | H54: 1 | I54: 1 | J54: =IF(G54>0,1,0) -> 0 | K54: =IF(H54>0,1,0) -> 1 | L54: =IF(G54>0,IF(H54>0,1,0),0) -> 0
A55: 1395905 | B55: 男 | C55: 2020040916:16:08 | D55: 2020041613:26:32 | E55: 29岁 | F55: 5015121 | G55: 1 | H55: 0 | I55: 1 | J55: =IF(G55>0,1,0) -> 1 | K55: =IF(H55>0,1,0) -> 0 | L55: =IF(G55>0,IF(H55>0,1,0),0) -> 0
A56: 1396247 | B56: 男 | C56: 2020041113:09:30 | D56: 2020041808:15:33 | E56: 22岁 | F56: 2484486 | G56: 0 | H56: 0 | I56: 0 | J56: =IF(G56>0,1,0) -> 0 | K56: =IF(H56>0,1,0) -> 0 | L56: =IF(G56>0,IF(H56>0,1,0),0) -> 0 | M56: 翻修
A57: 1396258 | B57: 女 | C57: 2020041113:24:32 | D57: 2020041813:44:59 | E57: 27岁 | F57: 3782299 | G57: 1 | H57: 0 | I57: 1 | J57: =IF(G57>0,1,0) -> 1 | K57: =IF(H57>0,1,0) -> 0 | L57: =IF(G57>0,IF(H57>0,1,0),0) -> 0
A58: 1396453 | B58: 男 | C58: 2020041214:36:31 | D58: 2020041807:52:03 | E58: 31岁 | F58: 5005952 | G58: 1 | H58: 1 | I58: 1 | J58: =IF(G58>0,1,0) -> 1 | K58: =IF(H58>0,1,0) -> 1 | L58: =IF(G58>0,IF(H58>0,1,0),0) -> 1
A59: 1396455 | B59: 女 | C59: 2020041214:42:45 | D59: 2020041907:48:55 | E59: 53岁 | F59: 5012744 | G59: 1 | H59: 0 | I59: 1 | J59: =IF(G59>0,1,0) -> 1 | K59: =IF(H59>0,1,0) -> 0 | L59: =IF(G59>0,IF(H59>0,1,0),0) -> 0
A60: 1396504 | B60: 男 | C60: 2020041221:31:55 | D60: 2020061711:05:10 | E60: 22岁 | F60: 4948006 | G60: 1 | H60: 0 | I60: 1 | J60: =IF(G60>0,1,0) -> 1 | K60: =IF(H60>0,1,0) -> 0 | L60: =IF(G60>0,IF(H60>0,1,0),0) -> 0
A61: 1396835 | B61: 男 | C61: 2020041316:08:57 | D61: 2020042013:41:48 | E61: 25岁 | F61: 5028979 | G61: 0 | H61: 0 | I61: 0 | J61: =IF(G61>0,1,0) -> 0 | K61: =IF(H61>0,1,0) -> 0 | L61: =IF(G61>0,IF(H61>0,1,0),0) -> 0 | M61: 0
A62: 1396840 | B62: 男 | C62: 2020041316:33:20 | D62: 2020042013:30:26 | E62: 36岁 | F62: 2814993 | G62: 1 | H62: 0 | I62: 1 | J62: =IF(G62>0,1,0) -> 1 | K62: =IF(H62>0,1,0) -> 0 | L62: =IF(G62>0,IF(H62>0,1,0),0) -> 0
A63: 1397078 | B63: 男 | C63: 2020041416:27:06 | D63: 2020042014:15:30 | E63: 30岁 | F63: 5024720 | G63: 1 | H63: 0 | I63: 1 | J63: =IF(G63>0,1,0) -> 1 | K63: =IF(H63>0,1,0) -> 0 | L63: =IF(G63>0,IF(H63>0,1,0),0) -> 0
A64: 1397393 | B64: 女 | C64: 2020041523:48:20 | D64: 2020042907:51:56 | E64: 41岁 | F64: 5031560 | G64: 1 | H64: 1 | I64: 1 | J64: =IF(G64>0,1,0) -> 1 | K64: =IF(H64>0,1,0) -> 1 | L64: =IF(G64>0,IF(H64>0,1,0),0) -> 1
A65: 1397541 | B65: 男 | C65: 2020041613:41:39 | D65: 2020042313:15:23 | E65: 19岁 | F65: 5030843 | G65: 0 | H65: 0 | I65: 0 | J65: =IF(G65>0,1,0) -> 0 | K65: =IF(H65>0,1,0) -> 0 | L65: =IF(G65>0,IF(H65>0,1,0),0) -> 0 | M65: 0
A66: 1397746 | B66: 男 | C66: 2020041710:07:24 | D66: 2020042212:31:17 | E66: 31岁 | F66: 5030799 | G66: 0 | H66: 0 | I66: 0 | J66: =IF(G66>0,1,0) -> 0 | K66: =IF(H66>0,1,0) -> 0 | L66: =IF(G66>0,IF(H66>0,1,0),0) -> 0 | M66: 0
A67: 1397766 | B67: 男 | C67: 2020041711:07:24 | D67: 2020042213:13:57 | E67: 19岁 | F67: 5032270 | G67: 0 | H67: 0 | I67: 0 | J67: =IF(G67>0,1,0) -> 0 | K67: =IF(H67>0,1,0) -> 0 | L67: =IF(G67>0,IF(H67>0,1,0),0) -> 0 | M67: 0
A68: 1397839 | B68: 男 | C68: 2020041714:04:30 | D68: 2020042513:34:57 | E68: 28岁 | F68: 5032747 | G68: 0 | H68: 0 | I68: 0 | J68: =IF(G68>0,1,0) -> 0 | K68: =IF(H68>0,1,0) -> 0 | L68: =IF(G68>0,IF(H68>0,1,0),0) -> 0 | M68: 0
A69: 1397861 | B69: 女 | C69: 2020041714:57:16 | D69: 2020042513:53:47 | E69: 43岁 | F69: 1179606 | G69: 1 | H69: 0 | I69: 1 | J69: =IF(G69>0,1,0) -> 1 | K69: =IF(H69>0,1,0) -> 0 | L69: =IF(G69>0,IF(H69>0,1,0),0) -> 0
A70: 1398078 | B70: 男 | C70: 2020041814:10:55 | D70: 2020042513:28:01 | E70: 27岁 | F70: 5034890 | G70: 0 | H70: 0 | I70: 0 | J70: =IF(G70>0,1,0) -> 0 | K70: =IF(H70>0,1,0) -> 0 | L70: =IF(G70>0,IF(H70>0,1,0),0) -> 0 | M70: 0
A71: 1398086 | B71: 男 | C71: 2020041814:31:17 | D71: 2020042508:28:51 | E71: 26岁 | F71: 5033469 | G71: 0 | H71: 0 | I71: 0 | J71: =IF(G71>0,1,0) -> 0 | K71: =IF(H71>0,1,0) -> 0 | L71: =IF(G71>0,IF(H71>0,1,0),0) -> 0 | M71: 0
A72: 1398088 | B72: 男 | C72: 2020041814:29:13 | D72: 2020042312:51:22 | E72: 39岁 | F72: 5017127 | G72: 1 | H72: 0 | I72: 1 | J72: =IF(G72>0,1,0) -> 1 | K72: =IF(H72>0,1,0) -> 0 | L72: =IF(G72>0,IF(H72>0,1,0),0) -> 0
A73: 1398425 | B73: 男 | C73: 2020042011:04:35 | D73: 2020042608:36:36 | E73: 19岁 | F73: 5034361 | G73: 1 | H73: 0 | I73: 1 | J73: =IF(G73>0,1,0) -> 1 | K73: =IF(H73>0,1,0) -> 0 | L73: =IF(G73>0,IF(H73>0,1,0),0) -> 0
A74: 1398481 | B74: 男 | C74: 2020042012:58:11 | D74: 2020042708:16:34 | E74: 30岁 | F74: 5034470 | G74: 0 | H74: 0 | I74: 0 | J74: =IF(G74>0,1,0) -> 0 | K74: =IF(H74>0,1,0) -> 0 | L74: =IF(G74>0,IF(H74>0,1,0),0) -> 0 | M74: 0
A75: 1398922 | B75: 女 | C75: 2020042114:11:18 | D75: 2020042914:30:00 | E75: 46岁 | F75: 2166029 | G75: 2 | H75: 0 | I75: 1 | J75: =IF(G75>0,1,0) -> 1 | K75: =IF(H75>0,1,0) -> 0 | L75: =IF(G75>0,IF(H75>0,1,0),0) -> 0 | M75: MRI*2
A76: 1399010 | B76: 女 | C76: 2020042115:52:34 | D76: 2020042714:25:28 | E76: 31岁 | F76: 3615192 | G76: 1 | H76: 0 | I76: 1 | J76: =IF(G76>0,1,0) -> 1 | K76: =IF(H76>0,1,0) -> 0 | L76: =IF(G76>0,IF(H76>0,1,0),0) -> 0
A77: 1399429 | B77: 男 | C77: 2020042310:42:13 | D77: 2020043015:20:54 | E77: 23岁 | F77: 5038113 | G77: 1 | H77: 0 | I77: 1 | J77: =IF(G77>0,1,0) -> 1 | K77: =IF(H77>0,1,0) -> 0 | L77: =IF(G77>0,IF(H77>0,1,0),0) -> 0
A78: 1399575 | B78: 男 | C78: 2020042315:40:12 | D78: 2020043014:50:54 | E78: 20岁 | F78: 5036927 | G78: 0 | H78: 0 | I78: 0 | J78: =IF(G78>0,1,0) -> 0 | K78: =IF(H78>0,1,0) -> 0 | L78: =IF(G78>0,IF(H78>0,1,0),0) -> 0 | M78: 0
A79: 1399583 | B79: 男 | C79: 2020042315:45:46 | D79: 2020043014:16:14 | E79: 39岁 | F79: 1734831 | G79: 1 | H79: 0 | I79: 1 | J79: =IF(G79>0,1,0) -> 1 | K79: =IF(H79>0,1,0) -> 0 | L79: =IF(G79>0,IF(H79>0,1,0),0) -> 0
A80: 1399616 | B80: 男 | C80: 2020042318:07:10 | D80: 2020043015:19:43 | E80: 41岁 | F80: 1575081 | G80: 0 | H80: 0 | I80: 0 | J80: =IF(G80>0,1,0) -> 0 | K80: =IF(H80>0,1,0) -> 0 | L80: =IF(G80>0,IF(H80>0,1,0),0) -> 0 | M80: 0
A81: 1399780 | B81: 男 | C81: 2020042413:30:43 | D81: 2020043015:12:47 | E81: 38岁 | F81: 5037219 | G81: 0 | H81: 1 | I81: 1 | J81: =IF(G81>0,1,0) -> 0 | K81: =IF(H81>0,1,0) -> 1 | L81: =IF(G81>0,IF(H81>0,1,0),0) -> 0
A82: 1400218 | B82: 男 | C82: 2020042609:42:47 | D82: 2020050207:57:05 | E82: 37岁 | F82: 5030301 | G82: 1 | H82: 1 | I82: 1 | J82: =IF(G82>0,1,0) -> 1 | K82: =IF(H82>0,1,0) -> 1 | L82: =IF(G82>0,IF(H82>0,1,0),0) -> 1
A83: 1400399 | B83: 女 | C83: 2020042616:04:18 | D83: 2020050108:40:34 | E83: 32岁 | F83: 5010555 | G83: 1 | H83: 0 | I83: 1 | J83: =IF(G83>0,1,0) -> 1 | K83: =IF(H83>0,1,0) -> 0 | L83: =IF(G83>0,IF(H83>0,1,0),0) -> 0
A84: 1400578 | B84: 女 | C84: 2020042712:03:50 | D84: 2020050708:16:06 | E84: 48岁 | F84: 5001710 | G84: 2 | H84: 2 | I84: 1 | J84: =IF(G84>0,1,0) -> 1 | K84: =IF(H84>0,1,0) -> 1 | L84: =IF(G84>0,IF(H84>0,1,0),0) -> 1 | M84: CT*2、MRI*2
A85: 1400594 | B85: 男 | C85: 2020042713:31:45 | D85: 2020050615:10:28 | E85: 31岁 | F85: 5040627 | G85: 1 | H85: 0 | I85: 1 | J85: =IF(G85>0,1,0) -> 1 | K85: =IF(H85>0,1,0) -> 0 | L85: =IF(G85>0,IF(H85>0,1,0),0) -> 0
A86: 1400701 | B86: 男 | C86: 2020042715:01:28 | D86: 2020050613:10:13 | E86: 27岁 | F86: 4778992 | G86: 2 | H86: 0 | I86: 1 | J86: =IF(G86>0,1,0) -> 1 | K86: =IF(H86>0,1,0) -> 0 | L86: =IF(G86>0,IF(H86>0,1,0),0) -> 0 | M86: MRI*2
A87: 1400711 | B87: 男 | C87: 2020042715:28:21 | D87: 2020050309:50:22 | E87: 29岁 | F87: 5038410 | G87: 1 | H87: 0 | I87: 1 | J87: =IF(G87>0,1,0) -> 1 | K87: =IF(H87>0,1,0) -> 0 | L87: =IF(G87>0,IF(H87>0,1,0),0) -> 0
A88: 1400715 | B88: 女 | C88: 2020042715:31:06 | D88: 2020050309:43:39 | E88: 26岁 | F88: 5019640 | G88: 0 | H88: 1 | I88: 1 | J88: =IF(G88>0,1,0) -> 0 | K88: =IF(H88>0,1,0) -> 1 | L88: =IF(G88>0,IF(H88>0,1,0),0) -> 0
A89: 1400746 | B89: 男 | C89: 2020042716:01:48 | D89: 2020060113:33:54 | E89: 36岁 | F89: 2814993 | G89: 3 | H89: 0 | I89: 1 | J89: =IF(G89>0,1,0) -> 1 | K89: =IF(H89>0,1,0) -> 0 | L89: =IF(G89>0,IF(H89>0,1,0),0) -> 0 | M89: MRI*3
A90: 1400955 | B90: 女 | C90: 2020042814:18:29 | D90: 2020050612:38:23 | E90: 55岁 | F90: 3962101 | G90: 1 | H90: 0 | I90: 1 | J90: =IF(G90>0,1,0) -> 1 | K90: =IF(H90>0,1,0) -> 0 | L90: =IF(G90>0,IF(H90>0,1,0),0) -> 0
A91: 1401822 | B91: 男 | C91: 2020050413:56:36 | D91: 2020051013:16:52 | E91: 28岁 | F91: 4576432 | G91: 2 | H91: 0 | I91: 1 | J91: =IF(G91>0,1,0) -> 1 | K91: =IF(H91>0,1,0) -> 0 | L91: =IF(G91>0,IF(H91>0,1,0),0) -> 0 | M91: MRI*2
A92: 1401833 | B92: 男 | C92: 2020050414:46:01 | D92: 2020051013:18:19 | E92: 31岁 | F92: 4970404 | G92: 1 | H92: 0 | I92: 1 | J92: =IF(G92>0,1,0) -> 1 | K92: =IF(H92>0,1,0) -> 0 | L92: =IF(G92>0,IF(H92>0,1,0),0) -> 0
A93: 1402032 | B93: 男 | C93: 2020050514:50:28 | D93: 2020051313:42:26 | E93: 31岁 | F93: 5027269 | G93: 1 | H93: 0 | I93: 1 | J93: =IF(G93>0,1,0) -> 1 | K93: =IF(H93>0,1,0) -> 0 | L93: =IF(G93>0,IF(H93>0,1,0),0) -> 0
A94: 1402045 | B94: 男 | C94: 2020050515:29:18 | D94: 2020051114:33:25 | E94: 32岁 | F94: 5036818 | G94: 0 | H94: 0 | I94: 0 | J94: =IF(G94>0,1,0) -> 0 | K94: =IF(H94>0,1,0) -> 0 | L94: =IF(G94>0,IF(H94>0,1,0),0) -> 0 | M94: 0
A95: 1402055 | B95: 男 | C95: 2020050516:01:15 | D95: 2020051116:09:11 | E95: 40岁 | F95: 5035400 | G95: 0 | H95: 0 | I95: 0 | J95: =IF(G95>0,1,0) -> 0 | K95: =IF(H95>0,1,0) -> 0 | L95: =IF(G95>0,IF(H95>0,1,0),0) -> 0 | M95: 0
A96: 1402067 | B96: 男 | C96: 2020050518:25:31 | D96: 2020050813:47:53 | E96: 19岁 | F96: 5042426 | G96: 0 | H96: 0 | I96: 0 | J96: =IF(G96>0,1,0) -> 0 | K96: =IF(H96>0,1,0) -> 0 | L96: =IF(G96>0,IF(H96>0,1,0),0) -> 0 | M96: 0
A97: 1402079 | B97: 男 | C97: 2020050519:37:24 | D97: 2020051113:48:07 | E97: 27岁 | F97: 5048342 | G97: 0 | H97: 0 | I97: 0 | J97: =IF(G97>0,1,0) -> 0 | K97: =IF(H97>0,1,0) -> 0 | L97: =IF(G97>0,IF(H97>0,1,0),0) -> 0 | M97: 0
A98: 1402113 | B98: 男 | C98: 2020050608:11:06 | D98: 2020051113:43:14 | E98: 8岁 | F98: 5044745 | G98: 0 | H98: 0 | I98: 0 | J98: =IF(G98>0,1,0) -> 0 | K98: =IF(H98>0,1,0) -> 0 | L98: =IF(G98>0,IF(H98>0,1,0),0) -> 0 | M98: 0
A99: 1402498 | B99: 男 | C99: 2020050619:13:17 | D99: 2020051213:46:53 | E99: 34岁 | F99: 4950359 | G99: 2 | H99: 1 | I99: 1 | J99: =IF(G99>0,1,0) -> 1 | K99: =IF(H99>0,1,0) -> 1 | L99: =IF(G99>0,IF(H99>0,1,0),0) -> 1 | M99: MRI*2
A100: 1402867 | B100: 男 | C100: 2020050719:51:45 | D100: 2020051115:12:04 | E100: 38岁 | F100: 5044845 | G100: 0 | H100: 0 | I100: 0 | J100: =IF(G100>0,1,0) -> 0 | K100: =IF(H100>0,1,0) -> 0 | L100: =IF(G100>0,IF(H100>0,1,0),0) -> 0 | M100: 0
A101: 1402872 | B101: 男 | C101: 2020050720:31:10 | D101: 2020051213:28:21 | E101: 55岁 | F101: 5029887 | G101: 1 | H101: 0 | I101: 1 | J101: =IF(G101>0,1,0) -> 1 | K101: =IF(H101>0,1,0) -> 0 | L101: =IF(G101>0,IF(H101>0,1,0),0) -> 0
A102: 1403104 | B102: 男 | C102: 2020050814:38:45 | D102: 2020051314:19:58 | E102: 36岁 | F102: 5039015 | G102: 1 | H102: 0 | I102: 1 | J102: =IF(G102>0,1,0) -> 1 | K102: =IF(H102>0,1,0) -> 0 | L102: =IF(G102>0,IF(H102>0,1,0),0) -> 0
A103: 1403134 | B103: 男 | C103: 2020050815:17:50 | D103: 2020051514:34:30 | E103: 49岁 | F103: 4437803 | G103: 1 | H103: 0 | I103: 1 | J103: =IF(G103>0,1,0) -> 1 | K103: =IF(H103>0,1,0) -> 0 | L103: =IF(G103>0,IF(H103>0,1,0),0) -> 0
A104: 1403203 | B104: 男 | C104: 2020050819:02:20 | D104: 2020051514:05:03 | E104: 17岁 | F104: 5047440 | G104: 0 | H104: 0 | I104: 0 | J104: =IF(G104>0,1,0) -> 0 | K104: =IF(H104>0,1,0) -> 0 | L104: =IF(G104>0,IF(H104>0,1,0),0) -> 0 | M104: 0
A105: 1403578 | B105: 女 | C105: 2020051014:10:50 | D105: 2020051608:43:22 | E105: 20岁 | F105: 4985370 | G105: 1 | H105: 0 | I105: 1 | J105: =IF(G105>0,1,0) -> 1 | K105: =IF(H105>0,1,0) -> 0 | L105: =IF(G105>0,IF(H105>0,1,0),0) -> 0
A106: 1404820 | B106: 男 | C106: 2020051412:56:27 | D106: 2020052013:48:15 | E106: 23岁 | F106: 4996253 | G106: 0 | H106: 0 | I106: 0 | J106: =IF(G106>0,1,0) -> 0 | K106: =IF(H106>0,1,0) -> 0 | L106: =IF(G106>0,IF(H106>0,1,0),0) -> 0 | M106: 0
A107: 1404954 | B107: 男 | C107: 2020051419:17:59 | D107: 2020052213:25:40 | E107: 35岁 | F107: 5052800 | G107: 1 | H107: 0 | I107: 1 | J107: =IF(G107>0,1,0) -> 1 | K107: =IF(H107>0,1,0) -> 0 | L107: =IF(G107>0,IF(H107>0,1,0),0) -> 0
A108: 1404957 | B108: 女 | C108: 2020051419:30:31 | D108: 2020052113:36:12 | E108: 49岁 | F108: 5051338 | G108: 0 | H108: 0 | I108: 0 | J108: =IF(G108>0,1,0) -> 0 | K108: =IF(H108>0,1,0) -> 0 | L108: =IF(G108>0,IF(H108>0,1,0),0) -> 0 | M108: 0
A109: 1405634 | B109: 女 | C109: 2020051714:45:34 | D109: 2020052313:12:54 | E109: 40岁 | F109: 2811579 | G109: 1 | H109: 0 | I109: 1 | J109: =IF(G109>0,1,0) -> 1 | K109: =IF(H109>0,1,0) -> 0 | L109: =IF(G109>0,IF(H109>0,1,0),0) -> 0
A110: 1405881 | B110: 女 | C110: 2020051813:55:25 | D110: 2020052413:58:23 | E110: 44岁 | F110: 5051292 | G110: 1 | H110: 0 | I110: 1 | J110: =IF(G110>0,1,0) -> 1 | K110: =IF(H110>0,1,0) -> 0 | L110: =IF(G110>0,IF(H110>0,1,0),0) -> 0
A111: 1405948 | B111: 男 | C111: 2020051814:36:48 | D111: 2020052513:31:43 | E111: 29岁 | F111: 3956339 | G111: 1 | H111: 0 | I111: 1 | J111: =IF(G111>0,1,0) -> 1 | K111: =IF(H111>0,1,0) -> 0 | L111: =IF(G111>0,IF(H111>0,1,0),0) -> 0
...

Sheet 2024.9-
A1: 住院号 | B1: 性别 | C1: 入区日期 | D1: 出院时间 | E1: 年龄 | F1: 影像号 | G1: MRI数量 | H1: CT数量 | I1: 脱敏 | J1: 是否有MRI | K1: 是否有CT | L1: 同时有MRI和CT | M1: 备注
A2: 1956135 | B2: 男 | C2: 2024082415:23:39 | D2: 2024090109:00:00 | E2: 26岁 | F2: 6670083 | G2: 0 | H2: 0 | I2: 0 | J2: =IF(G2>0,1,0) -> 0 | K2: =IF(H2>0,1,0) -> 0 | L2: =IF(G2>0,IF(H2>0,1,0),0) -> 0 | M2: ACL翻修
A3: 1954910 | B3: 男 | C3: 2024082809:39:43 | D3: 2024090116:00:00 | E3: 17岁 | F3: 6666185 | G3: 1 | H3: 0 | I3: 1 | J3: =IF(G3>0,1,0) -> 1 | K3: =IF(H3>0,1,0) -> 0 | L3: =IF(G3>0,IF(H3>0,1,0),0) -> 0
A4: 1954950 | B4: 男 | C4: 2024082809:09:17 | D4: 2024090116:00:00 | E4: 31岁 | F4: 6666486 | G4: 1 | H4: 0 | I4: 1 | J4: =IF(G4>0,1,0) -> 1 | K4: =IF(H4>0,1,0) -> 0 | L4: =IF(G4>0,IF(H4>0,1,0),0) -> 0
A5: 1956849 | B5: 男 | C5: 2024082614:20:35 | D5: 2024090116:00:00 | E5: 20岁 | F5: 6671837 | G5: 1 | H5: 1 | I5: 1 | J5: =IF(G5>0,1,0) -> 1 | K5: =IF(H5>0,1,0) -> 1 | L5: =IF(G5>0,IF(H5>0,1,0),0) -> 1
A6: 1957899 | B6: 男 | C6: 2024082814:47:36 | D6: 2024090116:00:00 | E6: 33岁 | F6: 6663697 | G6: 1 | H6: 0 | I6: 1 | J6: =IF(G6>0,1,0) -> 1 | K6: =IF(H6>0,1,0) -> 0 | L6: =IF(G6>0,IF(H6>0,1,0),0) -> 0
A7: 1957977 | B7: 女 | C7: 2024082907:44:58 | D7: 2024090116:00:00 | E7: 40岁 | F7: 6628340 | G7: 1 | H7: 0 | I7: 1 | J7: =IF(G7>0,1,0) -> 1 | K7: =IF(H7>0,1,0) -> 0 | L7: =IF(G7>0,IF(H7>0,1,0),0) -> 0
A8: 1958380 | B8: 男 | C8: 2024082914:58:13 | D8: 2024090216:00:00 | E8: 41岁 | F8: 6676253 | G8: 0 | H8: 0 | I8: 0 | J8: =IF(G8>0,1,0) -> 0 | K8: =IF(H8>0,1,0) -> 0 | L8: =IF(G8>0,IF(H8>0,1,0),0) -> 0
A9: 1957433 | B9: 男 | C9: 2024082715:06:36 | D9: 2024090309:00:00 | E9: 39岁 | F9: 6672993 | G9: 1 | H9: 1 | I9: 1 | J9: =IF(G9>0,1,0) -> 1 | K9: =IF(H9>0,1,0) -> 1 | L9: =IF(G9>0,IF(H9>0,1,0),0) -> 1
A10: 1957765 | B10: 男 | C10: 2024082813:27:34 | D10: 2024090316:00:00 | E10: 17岁 | F10: 6674356 | G10: 1 | H10: 1 | I10: 1 | J10: =IF(G10>0,1,0) -> 1 | K10: =IF(H10>0,1,0) -> 1 | L10: =IF(G10>0,IF(H10>0,1,0),0) -> 1
A11: 1957962 | B11: 男 | C11: 2024082816:11:48 | D11: 2024090316:00:00 | E11: 23岁 | F11: 6674355 | G11: 1 | H11: 1 | I11: 1 | J11: =IF(G11>0,1,0) -> 1 | K11: =IF(H11>0,1,0) -> 1 | L11: =IF(G11>0,IF(H11>0,1,0),0) -> 1
A12: 1956282 | B12: 女 | C12: 2024082512:11:03 | D12: 2024090409:00:00 | E12: 47岁 | F12: 6670377 | G12: 1 | H12: 0 | I12: 1 | J12: =IF(G12>0,1,0) -> 1 | K12: =IF(H12>0,1,0) -> 0 | L12: =IF(G12>0,IF(H12>0,1,0),0) -> 0
A13: 1958866 | B13: 男 | C13: 2024083015:26:10 | D13: 2024090409:00:00 | E13: 42岁 | F13: 4728754 | G13: 1 | H13: 0 | I13: 1 | J13: =IF(G13>0,1,0) -> 1 | K13: =IF(H13>0,1,0) -> 0 | L13: =IF(G13>0,IF(H13>0,1,0),0) -> 0
A14: 1958439 | B14: 男 | C14: 2024082915:48:53 | D14: 2024090412:03:25 | E14: 35岁 | F14: 6675771 | G14: 0 | H14: 0 | I14: 0 | J14: =IF(G14>0,1,0) -> 0 | K14: =IF(H14>0,1,0) -> 0 | L14: =IF(G14>0,IF(H14>0,1,0),0) -> 0
A15: 1959051 | B15: 女 | C15: 2024083112:11:40 | D15: 2024090416:00:00 | E15: 56岁 | F15: 6676929 | G15: 0 | H15: 1 | I15: 1 | J15: =IF(G15>0,1,0) -> 0 | K15: =IF(H15>0,1,0) -> 1 | L15: =IF(G15>0,IF(H15>0,1,0),0) -> 0 | M15: 右膝ACL、PCL、PMC
A16: 1959448 | B16: 男 | C16: 2024090115:10:58 | D16: 2024090416:00:00 | E16: 34岁 | F16: 6539376 | G16: 1 | H16: 0 | I16: 1 | J16: =IF(G16>0,1,0) -> 1 | K16: =IF(H16>0,1,0) -> 0 | L16: =IF(G16>0,IF(H16>0,1,0),0) -> 0
A17: 1959174 | B17: 男 | C17: 2024083114:58:45 | D17: 2024090514:00:00 | E17: 40岁 | F17: 6678171 | G17: 0 | H17: 0 | I17: 0 | J17: =IF(G17>0,1,0) -> 0 | K17: =IF(H17>0,1,0) -> 0 | L17: =IF(G17>0,IF(H17>0,1,0),0) -> 0
A18: 1959176 | B18: 男 | C18: 2024083114:56:38 | D18: 2024090514:00:00 | E18: 35岁 | F18: 6677847 | G18: 0 | H18: 0 | I18: 0 | J18: =IF(G18>0,1,0) -> 0 | K18: =IF(H18>0,1,0) -> 0 | L18: =IF(G18>0,IF(H18>0,1,0),0) -> 0
A19: 1959536 | B19: 男 | C19: 2024090214:46:46 | D19: 2024090609:00:00 | E19: 55岁 | F19: 6680306 | G19: 0 | H19: 0 | I19: 0 | J19: =IF(G19>0,1,0) -> 0 | K19: =IF(H19>0,1,0) -> 0 | L19: =IF(G19>0,IF(H19>0,1,0),0) -> 0
A20: 1960192 | B20: 男 | C20: 2024090408:31:36 | D20: 2024090609:00:00 | E20: 29岁 | F20: 6679622 | G20: 1 | H20: 0 | I20: 1 | J20: =IF(G20>0,1,0) -> 1 | K20: =IF(H20>0,1,0) -> 0 | L20: =IF(G20>0,IF(H20>0,1,0),0) -> 0
A21: 1960616 | B21: 男 | C21: 2024090411:56:42 | D21: 2024090611:51:59 | E21: 42岁 | F21: 6680812 | G21: 1 | H21: 0 | I21: 1 | J21: =IF(G21>0,1,0) -> 1 | K21: =IF(H21>0,1,0) -> 0 | L21: =IF(G21>0,IF(H21>0,1,0),0) -> 0
A22: 1958803 | B22: 男 | C22: 2024083014:53:42 | D22: 2024090716:00:00 | E22: 38岁 | F22: 6676543 | G22: 1 | H22: 1 | I22: 1 | J22: =IF(G22>0,1,0) -> 1 | K22: =IF(H22>0,1,0) -> 1 | L22: =IF(G22>0,IF(H22>0,1,0),0) -> 1
A23: 1958842 | B23: 男 | C23: 2024083014:51:15 | D23: 2024090716:00:00 | E23: 27岁 | F23: 6645538 | G23: 1 | H23: 1 | I23: 1 | J23: =IF(G23>0,1,0) -> 1 | K23: =IF(H23>0,1,0) -> 1 | L23: =IF(G23>0,IF(H23>0,1,0),0) -> 1
A24: 1959202 | B24: 男 | C24: 2024083115:46:02 | D24: 2024090809:00:00 | E24: 25岁 | F24: 6631197 | G24: 1 | H24: 1 | I24: 1 | J24: =IF(G24>0,1,0) -> 1 | K24: =IF(H24>0,1,0) -> 1 | L24: =IF(G24>0,IF(H24>0,1,0),0) -> 1
A25: 1960213 | B25: 女 | C25: 2024090310:37:12 | D25: 2024090809:00:00 | E25: 46岁 | F25: 6680366 | G25: 0 | H25: 0 | I25: 0 | J25: =IF(G25>0,1,0) -> 0 | K25: =IF(H25>0,1,0) -> 0 | L25: =IF(G25>0,IF(H25>0,1,0),0) -> 0 | M25: 右膝ACL止点
A26: 1951096 | B26: 男 | C26: 2024090409:39:32 | D26: 2024090816:00:00 | E26: 29岁 | F26: 6656795 | G26: 0 | H26: 0 | I26: 0 | J26: =IF(G26>0,1,0) -> 0 | K26: =IF(H26>0,1,0) -> 0 | L26: =IF(G26>0,IF(H26>0,1,0),0) -> 0 | M26: 左膝ACL、PCL
A27: 1956732 | B27: 男 | C27: 2024090613:59:00 | D27: 2024090816:00:00 | E27: 59岁 | F27: 5103121 | G27: 1 | H27: 0 | I27: 1 | J27: =IF(G27>0,1,0) -> 1 | K27: =IF(H27>0,1,0) -> 0 | L27: =IF(G27>0,IF(H27>0,1,0),0) -> 0
A28: 1960340 | B28: 女 | C28: 2024090313:44:35 | D28: 2024090816:00:00 | E28: 46岁 | F28: 6674422 | G28: 1 | H28: 1 | I28: 1 | J28: =IF(G28>0,1,0) -> 1 | K28: =IF(H28>0,1,0) -> 1 | L28: =IF(G28>0,IF(H28>0,1,0),0) -> 1
A29: 1960403 | B29: 男 | C29: 2024090508:15:54 | D29: 2024090816:00:00 | E29: 56岁 | F29: 6680397 | G29: 1 | H29: 0 | I29: 1 | J29: =IF(G29>0,1,0) -> 1 | K29: =IF(H29>0,1,0) -> 0 | L29: =IF(G29>0,IF(H29>0,1,0),0) -> 0
A30: 1960499 | B30: 男 | C30: 2024090316:26:22 | D30: 2024090816:00:00 | E30: 52岁 | F30: 6676114 | G30: 1 | H30: 1 | I30: 1 | J30: =IF(G30>0,1,0) -> 1 | K30: =IF(H30>0,1,0) -> 1 | L30: =IF(G30>0,IF(H30>0,1,0),0) -> 1
A31: 1960506 | B31: 男 | C31: 2024090411:07:34 | D31: 2024090816:00:00 | E31: 24岁 | F31: 6680606 | G31: 1 | H31: 0 | I31: 1 | J31: =IF(G31>0,1,0) -> 1 | K31: =IF(H31>0,1,0) -> 0 | L31: =IF(G31>0,IF(H31>0,1,0),0) -> 0
A32: 1960642 | B32: 男 | C32: 2024090413:46:38 | D32: 2024090816:00:00 | E32: 30岁 | F32: 6680847 | G32: 1 | H32: 1 | I32: 1 | J32: =IF(G32>0,1,0) -> 1 | K32: =IF(H32>0,1,0) -> 1 | L32: =IF(G32>0,IF(H32>0,1,0),0) -> 1
A33: 1960825 | B33: 男 | C33: 2024090411:25:09 | D33: 2024090816:00:00 | E33: 42岁 | F33: 6682761 | G33: 0 | H33: 0 | I33: 0 | J33: =IF(G33>0,1,0) -> 0 | K33: =IF(H33>0,1,0) -> 0 | L33: =IF(G33>0,IF(H33>0,1,0),0) -> 0
A34: 1961214 | B34: 男 | C34: 2024090514:40:57 | D34: 2024090816:00:00 | E34: 29岁 | F34: 6682254 | G34: 0 | H34: 0 | I34: 0 | J34: =IF(G34>0,1,0) -> 0 | K34: =IF(H34>0,1,0) -> 0 | L34: =IF(G34>0,IF(H34>0,1,0),0) -> 0
A35: 1960320 | B35: 女 | C35: 2024090511:59:06 | D35: 2024090909:00:00 | E35: 32岁 | F35: 5597271 | G35: 0 | H35: 0 | I35: 0 | J35: =IF(G35>0,1,0) -> 0 | K35: =IF(H35>0,1,0) -> 0 | L35: =IF(G35>0,IF(H35>0,1,0),0) -> 0
A36: 1961376 | B36: 男 | C36: 2024090513:51:34 | D36: 2024090914:00:00 | E36: 38岁 | F36: 6682949 | G36: 1 | H36: 1 | I36: 1 | J36: =IF(G36>0,1,0) -> 1 | K36: =IF(H36>0,1,0) -> 1 | L36: =IF(G36>0,IF(H36>0,1,0),0) -> 1
A37: 1961357 | B37: 男 | C37: 2024090513:45:38 | D37: 2024090916:00:00 | E37: 28岁 | F37: 6683265 | G37: 1 | H37: 0 | I37: 1 | J37: =IF(G37>0,1,0) -> 1 | K37: =IF(H37>0,1,0) -> 0 | L37: =IF(G37>0,IF(H37>0,1,0),0) -> 0
A38: 1961444 | B38: 男 | C38: 2024090514:33:09 | D38: 2024090916:00:00 | E38: 18岁 | G38: 0 | H38: 0 | I38: 0 | J38: =IF(G38>0,1,0) -> 0 | K38: =IF(H38>0,1,0) -> 0 | L38: =IF(G38>0,IF(H38>0,1,0),0) -> 0
A39: 1961446 | B39: 男 | C39: 2024090514:34:02 | D39: 2024090916:00:00 | E39: 22岁 | F39: 6683264 | G39: 0 | H39: 0 | I39: 0 | J39: =IF(G39>0,1,0) -> 0 | K39: =IF(H39>0,1,0) -> 0 | L39: =IF(G39>0,IF(H39>0,1,0),0) -> 0
A40: 1961518 | B40: 女 | C40: 2024090515:46:38 | D40: 2024090916:00:00 | E40: 49岁 | F40: 6683936 | G40: 0 | H40: 0 | I40: 0 | J40: =IF(G40>0,1,0) -> 0 | K40: =IF(H40>0,1,0) -> 0 | L40: =IF(G40>0,IF(H40>0,1,0),0) -> 0
A41: 1961663 | B41: 女 | C41: 2024090608:24:32 | D41: 2024090916:00:00 | E41: 49岁 | F41: 6683932 | G41: 0 | H41: 0 | I41: 0 | J41: =IF(G41>0,1,0) -> 0 | K41: =IF(H41>0,1,0) -> 0 | L41: =IF(G41>0,IF(H41>0,1,0),0) -> 0 | M41: 右膝ACL PMC
A42: 1961750 | B42: 男 | C42: 2024090611:51:09 | D42: 2024090916:00:00 | E42: 18岁 | F42: 6684160 | G42: 0 | H42: 0 | I42: 0 | J42: =IF(G42>0,1,0) -> 0 | K42: =IF(H42>0,1,0) -> 0 | L42: =IF(G42>0,IF(H42>0,1,0),0) -> 0
A43: 1962508 | B43: 男 | C43: 2024090814:17:20 | D43: 2024091216:00:00 | E43: 31岁 | F43: 5526934 | G43: 1 | H43: 0 | I43: 1 | J43: =IF(G43>0,1,0) -> 1 | K43: =IF(H43>0,1,0) -> 0 | L43: =IF(G43>0,IF(H43>0,1,0),0) -> 0
A44: 1962579 | B44: 女 | C44: 2024090815:48:12 | D44: 2024091216:00:00 | E44: 48岁 | F44: 6329856 | G44: 1 | H44: 0 | I44: 1 | J44: =IF(G44>0,1,0) -> 1 | K44: =IF(H44>0,1,0) -> 0 | L44: =IF(G44>0,IF(H44>0,1,0),0) -> 0
A45: 1963178 | B45: 女 | C45: 2024090915:20:04 | D45: 2024091216:00:00 | E45: 57岁 | F45: 6675873 | G45: 1 | H45: 0 | I45: 1 | J45: =IF(G45>0,1,0) -> 1 | K45: =IF(H45>0,1,0) -> 0 | L45: =IF(G45>0,IF(H45>0,1,0),0) -> 0
A46: 1962253 | B46: 男 | C46: 2024090814:28:29 | D46: 2024091316:00:00 | E46: 41岁 | F46: 6632665 | G46: 1 | H46: 1 | I46: 1 | J46: =IF(G46>0,1,0) -> 1 | K46: =IF(H46>0,1,0) -> 1 | L46: =IF(G46>0,IF(H46>0,1,0),0) -> 1
A47: 1962521 | B47: 男 | C47: 2024090814:29:35 | D47: 2024091316:00:00 | E47: 39岁 | F47: 6577999 | G47: 1 | H47: 0 | I47: 1 | J47: =IF(G47>0,1,0) -> 1 | K47: =IF(H47>0,1,0) -> 0 | L47: =IF(G47>0,IF(H47>0,1,0),0) -> 0
A48: 1962535 | B48: 男 | C48: 2024090814:40:50 | D48: 2024091409:00:00 | E48: 32岁 | F48: 4981437 | G48: 1 | H48: 0 | I48: 1 | J48: =IF(G48>0,1,0) -> 1 | K48: =IF(H48>0,1,0) -> 0 | L48: =IF(G48>0,IF(H48>0,1,0),0) -> 0
A49: 1962538 | B49: 男 | C49: 2024090814:45:37 | D49: 2024091409:00:00 | E49: 40岁 | F49: 6685866 | G49: 1 | H49: 0 | I49: 1 | J49: =IF(G49>0,1,0) -> 1 | K49: =IF(H49>0,1,0) -> 0 | L49: =IF(G49>0,IF(H49>0,1,0),0) -> 0
A50: 1962572 | B50: 女 | C50: 2024090815:38:11 | D50: 2024091409:00:00 | E50: 34岁 | F50: 6645403 | G50: 1 | H50: 1 | I50: 1 | J50: =IF(G50>0,1,0) -> 1 | K50: =IF(H50>0,1,0) -> 1 | L50: =IF(G50>0,IF(H50>0,1,0),0) -> 1
A51: 1963252 | B51: 男 | C51: 2024090917:07:10 | D51: 2024091416:00:00 | E51: 29岁 | F51: 6687235 | G51: 1 | H51: 1 | I51: 1 | J51: =IF(G51>0,1,0) -> 1 | K51: =IF(H51>0,1,0) -> 1 | L51: =IF(G51>0,IF(H51>0,1,0),0) -> 1
A52: 1963295 | B52: 男 | C52: 2024090923:32:40 | D52: 2024091416:00:00 | E52: 37岁 | F52: 6687293 | G52: 1 | H52: 1 | I52: 1 | J52: =IF(G52>0,1,0) -> 1 | K52: =IF(H52>0,1,0) -> 1 | L52: =IF(G52>0,IF(H52>0,1,0),0) -> 1
A53: 1964139 | B53: 男 | C53: 2024091115:40:15 | D53: 2024091416:00:00 | E53: 27岁 | F53: 6690565 | G53: 0 | H53: 0 | I53: 0 | J53: =IF(G53>0,1,0) -> 0 | K53: =IF(H53>0,1,0) -> 0 | L53: =IF(G53>0,IF(H53>0,1,0),0) -> 0
A54: 1964640 | B54: 男 | C54: 2024091215:45:19 | D54: 2024091416:00:00 | E54: 39岁 | F54: 6683222 | G54: 1 | H54: 0 | I54: 1 | J54: =IF(G54>0,1,0) -> 1 | K54: =IF(H54>0,1,0) -> 0 | L54: =IF(G54>0,IF(H54>0,1,0),0) -> 0
A55: 1962289 | B55: 男 | C55: 2024090716:07:41 | D55: 2024091509:00:00 | E55: 32岁 | G55: 0 | H55: 0 | I55: 0 | J55: =IF(G55>0,1,0) -> 0 | K55: =IF(H55>0,1,0) -> 0 | L55: =IF(G55>0,IF(H55>0,1,0),0) -> 0 | M55: 翻修
A56: 1963195 | B56: 男 | C56: 2024090915:30:44 | D56: 2024091509:00:00 | E56: 43岁 | F56: 6670925 | G56: 1 | H56: 1 | I56: 1 | J56: =IF(G56>0,1,0) -> 1 | K56: =IF(H56>0,1,0) -> 1 | L56: =IF(G56>0,IF(H56>0,1,0),0) -> 1
A57: 1963564 | B57: 男 | C57: 2024091014:17:36 | D57: 2024091509:00:00 | E57: 36岁 | F57: 6484541 | G57: 1 | H57: 1 | I57: 1 | J57: =IF(G57>0,1,0) -> 1 | K57: =IF(H57>0,1,0) -> 1 | L57: =IF(G57>0,IF(H57>0,1,0),0) -> 1
A58: 1962695 | B58: 男 | C58: 2024090919:55:19 | D58: 2024091516:00:00 | E58: 31岁 | F58: 6533261 | G58: 1 | H58: 1 | I58: 1 | J58: =IF(G58>0,1,0) -> 1 | K58: =IF(H58>0,1,0) -> 1 | L58: =IF(G58>0,IF(H58>0,1,0),0) -> 1
A59: 1964060 | B59: 男 | C59: 2024091114:23:23 | D59: 2024091516:00:00 | E59: 35岁 | F59: 5761683 | G59: 1 | H59: 0 | I59: 1 | J59: =IF(G59>0,1,0) -> 1 | K59: =IF(H59>0,1,0) -> 0 | L59: =IF(G59>0,IF(H59>0,1,0),0) -> 0
A60: 1964772 | B60: 男 | C60: 2024091308:35:41 | D60: 2024091516:00:00 | E60: 36岁 | F60: 6327150 | G60: 1 | H60: 1 | I60: 1 | J60: =IF(G60>0,1,0) -> 1 | K60: =IF(H60>0,1,0) -> 1 | L60: =IF(G60>0,IF(H60>0,1,0),0) -> 1
A61: 1964639 | B61: 男 | C61: 2024091215:41:50 | D61: 2024091609:00:00 | E61: 29岁 | F61: 6678377 | G61: 1 | H61: 0 | I61: 1 | J61: =IF(G61>0,1,0) -> 1 | K61: =IF(H61>0,1,0) -> 0 | L61: =IF(G61>0,IF(H61>0,1,0),0) -> 0
A62: 1963432 | B62: 女 | C62: 2024091208:22:11 | D62: 2024091609:00:00 | E62: 56岁 | F62: 6687804 | G62: 1 | H62: 0 | I62: 1 | J62: =IF(G62>0,1,0) -> 1 | K62: =IF(H62>0,1,0) -> 0 | L62: =IF(G62>0,IF(H62>0,1,0),0) -> 0
A63: 1964121 | B63: 男 | C63: 2024091208:21:24 | D63: 2024091609:00:00 | E63: 41岁 | F63: 6689481 | G63: 1 | H63: 0 | I63: 1 | J63: =IF(G63>0,1,0) -> 1 | K63: =IF(H63>0,1,0) -> 0 | L63: =IF(G63>0,IF(H63>0,1,0),0) -> 0
A64: 1964122 | B64: 男 | C64: 2024091115:10:38 | D64: 2024091609:00:00 | E64: 27岁 | F64: 6590561 | G64: 1 | H64: 0 | I64: 1 | J64: =IF(G64>0,1,0) -> 1 | K64: =IF(H64>0,1,0) -> 0 | L64: =IF(G64>0,IF(H64>0,1,0),0) -> 0
A65: 1964306 | B65: 男 | C65: 2024091212:24:30 | D65: 2024091709:00:00 | E65: 52岁 | F65: 6689874 | G65: 1 | H65: 0 | I65: 1 | J65: =IF(G65>0,1,0) -> 1 | K65: =IF(H65>0,1,0) -> 0 | L65: =IF(G65>0,IF(H65>0,1,0),0) -> 0 | M65: 左膝ACL、LCL
A66: 1964492 | B66: 男 | C66: 2024091213:45:03 | D66: 2024091709:00:00 | E66: 30岁 | F66: 6691080 | G66: 0 | H66: 0 | I66: 0 | J66: =IF(G66>0,1,0) -> 0 | K66: =IF(H66>0,1,0) -> 0 | L66: =IF(G66>0,IF(H66>0,1,0),0) -> 0 | M66: 左膝ACL、LCL
A67: 1964348 | B67: 女 | C67: 2024091408:03:34 | D67: 2024091809:00:00 | E67: 57岁 | F67: 6684589 | G67: 1 | H67: 0 | I67: 1 | J67: =IF(G67>0,1,0) -> 1 | K67: =IF(H67>0,1,0) -> 0 | L67: =IF(G67>0,IF(H67>0,1,0),0) -> 0
G68: =SUM(G2:G67) -> 46 | H68: =SUM(H2:H67) -> 20 | I68: =SUM(I2:I67) -> 47 | J68: =SUM(J2:J67) -> 46 | K68: =SUM(K2:K67) -> 20 | L68: =SUM(L2:L67) -> 19 | M68: ='2024.9-'!G68+'2024.9-'!H68+'2020-2024.8'!G4384+'2020-2024.8'!H4384+'2015-2019'!G2021+'2015-2019'!H2021 -> 4017
G69: =('2020-2024.8'!G4384+'2024.9-'!G68+'2015-2019'!G2021)/30 -> 88.233333 | H69: =('2020-2024.8'!H4384+'2024.9-'!H68+'2015-2019'!H2021)/30 -> 45.666667 | M69: =M68/60 -> 66.95

Sheet Sheet1
